"Kingdom"	"Phylum"	"Class"	"Order"	"Family"	"Genus"	"Species"	"ERR3357130"	"ERR3357150"	"ERR3357164"
"Bacteria"	"Bacteroidetes"	"Bacteroidia"	"Bacteroidales"	"Prevotellaceae"	"Prevotellaceae_UCG-001"	NA	10729	8058	5483
"Bacteria"	"Tenericutes"	"Mollicutes"	"Mycoplasmatales"	"Mycoplasmataceae"	"Mycoplasma"	NA	0	5646	11919
"Bacteria"	"Firmicutes"	"Bacilli"	"Lactobacillales"	"Lactobacillaceae"	"Lactobacillus"	NA	888	12149	1486
"Bacteria"	"Proteobacteria"	"Gammaproteobacteria"	"Enterobacteriales"	"Enterobacteriaceae"	"Escherichia/Shigella"	NA	23	11002	0
"Bacteria"	"Bacteroidetes"	"Bacteroidia"	"Bacteroidales"	"Bacteroidaceae"	"Bacteroides"	"acidifaciens"	4090	1466	4523
"Bacteria"	"Firmicutes"	"Bacilli"	"Lactobacillales"	"Lactobacillaceae"	"Lactobacillus"	NA	6058	14	2907
"Bacteria"	"Bacteroidetes"	"Bacteroidia"	"Bacteroidales"	"Bacteroidaceae"	"Bacteroides"	"vulgatus"	0	0	7658
"Bacteria"	"Firmicutes"	"Bacilli"	"Lactobacillales"	"Lactobacillaceae"	"Lactobacillus"	NA	455	6052	734
"Bacteria"	"Bacteroidetes"	"Bacteroidia"	"Bacteroidales"	"Rikenellaceae"	"Alistipes"	NA	2896	1654	1835
"Bacteria"	"Epsilonbacteraeota"	"Campylobacteria"	"Campylobacterales"	"Helicobacteraceae"	"Helicobacter"	"typhlonius"	0	0	6153
"Bacteria"	"Firmicutes"	"Bacilli"	"Lactobacillales"	"Lactobacillaceae"	"Lactobacillus"	"intestinalis"	3320	32	38
"Bacteria"	"Firmicutes"	"Bacilli"	"Lactobacillales"	"Lactobacillaceae"	"Lactobacillus"	NA	971	1894	453
"Bacteria"	"Epsilonbacteraeota"	"Campylobacteria"	"Campylobacterales"	"Helicobacteraceae"	"Helicobacter"	NA	657	2561	47
"Bacteria"	"Bacteroidetes"	"Bacteroidia"	"Bacteroidales"	"Muribaculaceae"	NA	NA	2708	223	250
"Bacteria"	"Deferribacteres"	"Deferribacteres"	"Deferribacterales"	"Deferribacteraceae"	"Mucispirillum"	"schaedleri"	0	0	2931
"Bacteria"	"Bacteroidetes"	"Bacteroidia"	"Bacteroidales"	"Muribaculaceae"	NA	NA	482	2112	254
"Bacteria"	"Proteobacteria"	"Deltaproteobacteria"	"Desulfovibrionales"	"Desulfovibrionaceae"	NA	NA	1892	26	673
"Bacteria"	"Firmicutes"	"Clostridia"	"Clostridiales"	"Lachnospiraceae"	"Tyzzerella_3"	NA	0	2350	79
"Bacteria"	"Firmicutes"	"Clostridia"	"Clostridiales"	"Clostridiaceae_1"	"Candidatus_Arthromitus"	NA	951	1270	20
"Bacteria"	"Firmicutes"	"Clostridia"	"Clostridiales"	"Lachnospiraceae"	"Lachnospiraceae_FCS020_group"	NA	292	49	1613
"Bacteria"	"Bacteroidetes"	"Bacteroidia"	"Bacteroidales"	"Muribaculaceae"	NA	NA	1165	404	298
"Bacteria"	"Bacteroidetes"	"Bacteroidia"	"Bacteroidales"	"Rikenellaceae"	"Millionella"	NA	548	1247	19
"Bacteria"	"Bacteroidetes"	"Bacteroidia"	"Bacteroidales"	"Rikenellaceae"	"Alistipes"	NA	614	1192	0
"Bacteria"	"Epsilonbacteraeota"	"Campylobacteria"	"Campylobacterales"	"Helicobacteraceae"	"Helicobacter"	"ganmani"	1623	143	0
"Bacteria"	"Epsilonbacteraeota"	"Campylobacteria"	"Campylobacterales"	"Helicobacteraceae"	"Helicobacter"	"hepaticus"	52	20	1445
"Bacteria"	"Firmicutes"	"Clostridia"	"Clostridiales"	"Lachnospiraceae"	"Lachnospiraceae_NK4A136_group"	NA	213	0	1298
"Bacteria"	"Bacteroidetes"	"Bacteroidia"	"Bacteroidales"	"Muribaculaceae"	NA	NA	224	609	674
"Bacteria"	"Bacteroidetes"	"Bacteroidia"	"Bacteroidales"	"Tannerellaceae"	"Parabacteroides"	"distasonis"	85	20	1360
"Bacteria"	"Firmicutes"	"Clostridia"	"Clostridiales"	"Lachnospiraceae"	"Lachnospiraceae_NK4A136_group"	NA	667	772	0
"Bacteria"	"Bacteroidetes"	"Bacteroidia"	"Bacteroidales"	"Muribaculaceae"	NA	NA	484	821	128
"Bacteria"	"Bacteroidetes"	"Bacteroidia"	"Bacteroidales"	"Bacteroidaceae"	"Bacteroides"	"acidifaciens"	157	74	1198
"Bacteria"	"Proteobacteria"	"Gammaproteobacteria"	"Betaproteobacteriales"	"Burkholderiaceae"	"Parasutterella"	NA	133	65	1201
"Bacteria"	"Proteobacteria"	"Gammaproteobacteria"	"Enterobacteriales"	"Enterobacteriaceae"	"Escherichia/Shigella"	NA	0	1338	0
"Bacteria"	"Bacteroidetes"	"Bacteroidia"	"Bacteroidales"	"Muribaculaceae"	NA	NA	450	511	279
"Bacteria"	"Bacteroidetes"	"Bacteroidia"	"Bacteroidales"	"Rikenellaceae"	"Alistipes"	NA	1233	0	0
"Bacteria"	"Chlamydiae"	"Chlamydiae"	"Chlamydiales"	"Chlamydiaceae"	"Chlamydia"	"muridarum"	0	1232	0
"Bacteria"	"Actinobacteria"	"Actinobacteria"	"Bifidobacteriales"	"Bifidobacteriaceae"	"Bifidobacterium"	NA	776	162	285
"Bacteria"	"Firmicutes"	"Clostridia"	"Clostridiales"	"Lachnospiraceae"	"Roseburia"	NA	633	375	203
"Bacteria"	"Firmicutes"	"Clostridia"	"Clostridiales"	"Lachnospiraceae"	NA	NA	212	74	862
"Bacteria"	"Firmicutes"	"Clostridia"	"Clostridiales"	"Lachnospiraceae"	"Lachnospiraceae_NK4A136_group"	NA	805	20	312
"Bacteria"	"Bacteroidetes"	"Bacteroidia"	"Bacteroidales"	"Tannerellaceae"	"Parabacteroides"	NA	57	0	966
"Bacteria"	"Firmicutes"	"Clostridia"	"Clostridiales"	"Ruminococcaceae"	"Intestinimonas"	NA	723	15	273
"Bacteria"	"Tenericutes"	"Mollicutes"	"Mycoplasmatales"	"Mycoplasmataceae"	"Ureaplasma"	NA	160	843	0
"Bacteria"	"Tenericutes"	"Mollicutes"	"Mycoplasmatales"	"Mycoplasmataceae"	"Mycoplasma"	NA	0	0	994
"Bacteria"	"Bacteroidetes"	"Bacteroidia"	"Bacteroidales"	"Muribaculaceae"	NA	NA	416	260	280
"Bacteria"	"Firmicutes"	"Clostridia"	"Clostridiales"	"Lachnospiraceae"	"Lachnospiraceae_NK4A136_group"	"bacterium"	862	13	0
"Bacteria"	"Bacteroidetes"	"Bacteroidia"	"Bacteroidales"	"Prevotellaceae"	"Prevotellaceae_UCG-001"	NA	738	33	99
"Bacteria"	"Bacteroidetes"	"Bacteroidia"	"Bacteroidales"	"Marinifilaceae"	"Odoribacter"	NA	251	193	390
"Bacteria"	"Bacteroidetes"	"Bacteroidia"	"Bacteroidales"	"Marinifilaceae"	"Odoribacter"	NA	697	134	0
"Bacteria"	"Firmicutes"	"Clostridia"	"Clostridiales"	"Lachnospiraceae"	"A2"	NA	702	118	0
"Bacteria"	"Bacteroidetes"	"Bacteroidia"	"Bacteroidales"	"Bacteroidaceae"	"Bacteroides"	NA	471	170	177
"Bacteria"	"Firmicutes"	"Bacilli"	"Lactobacillales"	"Lactobacillaceae"	"Lactobacillus"	"reuteri"	276	416	122
"Bacteria"	"Bacteroidetes"	"Bacteroidia"	"Bacteroidales"	"Muribaculaceae"	NA	NA	185	318	283
"Bacteria"	"Bacteroidetes"	"Bacteroidia"	"Bacteroidales"	"Muribaculaceae"	NA	NA	124	540	71
"Bacteria"	"Bacteroidetes"	"Bacteroidia"	"Bacteroidales"	"Muribaculaceae"	NA	NA	435	293	0
"Bacteria"	"Firmicutes"	"Clostridia"	"Clostridiales"	"Lachnospiraceae"	"Lachnoclostridium"	NA	0	0	725
"Bacteria"	"Firmicutes"	"Clostridia"	"Clostridiales"	"Lachnospiraceae"	"Lachnospiraceae_NK4A136_group"	"bacterium"	690	0	0
"Bacteria"	"Firmicutes"	"Clostridia"	"Clostridiales"	"Lachnospiraceae"	"ASF356"	NA	0	0	681
"Bacteria"	"Firmicutes"	"Clostridia"	"Clostridiales"	"Lachnospiraceae"	"Roseburia"	NA	60	347	270
"Bacteria"	"Bacteroidetes"	"Bacteroidia"	"Bacteroidales"	"Muribaculaceae"	NA	NA	254	411	0
"Bacteria"	"Firmicutes"	"Bacilli"	"Lactobacillales"	"Lactobacillaceae"	"Lactobacillus"	NA	215	341	108
"Bacteria"	"Firmicutes"	"Clostridia"	"Clostridiales"	"Lachnospiraceae"	"Lachnospiraceae_NK4A136_group"	"bacterium"	511	82	25
"Bacteria"	"Firmicutes"	"Clostridia"	"Clostridiales"	"Lachnospiraceae"	"Lachnospiraceae_NK4A136_group"	NA	0	0	618
"Bacteria"	"Firmicutes"	"Clostridia"	"Clostridiales"	"Lachnospiraceae"	NA	NA	546	68	0
"Bacteria"	"Bacteroidetes"	"Bacteroidia"	"Bacteroidales"	"Bacteroidaceae"	"Bacteroides"	NA	80	0	512
"Bacteria"	"Firmicutes"	"Clostridia"	"Clostridiales"	"Ruminococcaceae"	"Anaerotruncus"	NA	248	60	271
"Bacteria"	"Firmicutes"	"Clostridia"	"Clostridiales"	"Lachnospiraceae"	NA	NA	567	0	0
"Bacteria"	"Bacteroidetes"	"Bacteroidia"	"Bacteroidales"	"Rikenellaceae"	"Rikenella"	NA	291	199	61
"Bacteria"	"Firmicutes"	"Clostridia"	"Clostridiales"	"Lachnospiraceae"	"Lachnoclostridium"	NA	41	0	495
"Bacteria"	"Proteobacteria"	NA	NA	NA	NA	NA	33	0	488
"Bacteria"	"Actinobacteria"	"Coriobacteriia"	"Coriobacteriales"	"Eggerthellaceae"	"Enterorhabdus"	NA	132	199	185
"Bacteria"	"Firmicutes"	"Clostridia"	"Clostridiales"	"Lachnospiraceae"	NA	NA	396	10	95
"Bacteria"	"Proteobacteria"	NA	NA	NA	NA	NA	341	35	122
"Bacteria"	"Firmicutes"	"Clostridia"	"Clostridiales"	"Lachnospiraceae"	"ASF356"	NA	468	9	0
"Bacteria"	"Deferribacteres"	"Deferribacteres"	"Deferribacterales"	"Deferribacteraceae"	"Mucispirillum"	NA	464	9	0
"Bacteria"	"Firmicutes"	"Erysipelotrichia"	"Erysipelotrichales"	"Erysipelotrichaceae"	"Dubosiella"	NA	92	6	357
"Bacteria"	"Bacteroidetes"	"Bacteroidia"	"Bacteroidales"	"Muribaculaceae"	NA	NA	81	163	205
"Bacteria"	"Bacteroidetes"	"Bacteroidia"	"Bacteroidales"	"Prevotellaceae"	"Prevotellaceae_UCG-001"	NA	37	79	333
"Bacteria"	"Firmicutes"	"Clostridia"	"Clostridiales"	"Lachnospiraceae"	"ASF356"	NA	0	0	449
"Bacteria"	"Bacteroidetes"	"Bacteroidia"	"Bacteroidales"	"Rikenellaceae"	"Alistipes"	NA	159	260	29
"Bacteria"	"Bacteroidetes"	"Bacteroidia"	"Bacteroidales"	"Prevotellaceae"	"Alloprevotella"	NA	423	24	0
"Bacteria"	"Bacteroidetes"	"Bacteroidia"	"Bacteroidales"	"Muribaculaceae"	NA	NA	136	117	192
"Bacteria"	"Firmicutes"	"Clostridia"	"Clostridiales"	"Lachnospiraceae"	NA	NA	432	10	0
"Bacteria"	"Bacteroidetes"	"Bacteroidia"	"Bacteroidales"	"Marinifilaceae"	"Odoribacter"	NA	214	117	87
"Bacteria"	"Bacteroidetes"	"Bacteroidia"	"Bacteroidales"	"Muribaculaceae"	NA	NA	53	268	84
"Bacteria"	"Bacteroidetes"	"Bacteroidia"	"Bacteroidales"	"Muribaculaceae"	NA	NA	345	57	0
"Bacteria"	"Cyanobacteria"	"Melainabacteria"	"Gastranaerophilales"	NA	NA	NA	374	0	0
"Bacteria"	"Bacteroidetes"	"Bacteroidia"	"Bacteroidales"	"Bacteroidaceae"	"Bacteroides"	NA	0	0	366
"Bacteria"	"Firmicutes"	"Clostridia"	"Clostridiales"	"Clostridiales_vadinBB60_group"	NA	NA	365	0	0
"Bacteria"	"Firmicutes"	"Clostridia"	"Clostridiales"	"Lachnospiraceae"	"Lachnospiraceae_NK4A136_group"	NA	325	37	0
"Bacteria"	"Firmicutes"	"Clostridia"	"Clostridiales"	"Lachnospiraceae"	"Lachnospiraceae_NK4A136_group"	NA	141	217	0
"Bacteria"	"Firmicutes"	"Clostridia"	"Clostridiales"	"Ruminococcaceae"	"Ruminiclostridium_9"	NA	201	154	0
"Bacteria"	"Firmicutes"	"Clostridia"	"Clostridiales"	"Ruminococcaceae"	"Ruminiclostridium_6"	NA	344	0	0
"Bacteria"	"Proteobacteria"	"Deltaproteobacteria"	"Desulfovibrionales"	"Desulfovibrionaceae"	"Desulfovibrio"	NA	64	35	244
"Bacteria"	"Bacteroidetes"	"Bacteroidia"	"Bacteroidales"	"Rikenellaceae"	"Alistipes"	NA	110	224	0
"Bacteria"	"Firmicutes"	"Clostridia"	"Clostridiales"	"Peptococcaceae"	NA	NA	88	15	229
"Bacteria"	"Bacteroidetes"	"Bacteroidia"	"Bacteroidales"	"Muribaculaceae"	NA	NA	263	30	35
"Bacteria"	"Firmicutes"	"Clostridia"	"Clostridiales"	"Ruminococcaceae"	NA	NA	19	0	309
"Bacteria"	"Firmicutes"	"Clostridia"	"Clostridiales"	"Lachnospiraceae"	NA	NA	95	41	176
"Bacteria"	"Bacteroidetes"	"Bacteroidia"	"Bacteroidales"	"Muribaculaceae"	NA	NA	76	119	117
"Bacteria"	"Firmicutes"	"Clostridia"	"Clostridiales"	"Lachnospiraceae"	"Lachnoclostridium"	NA	51	0	244
"Bacteria"	"Bacteroidetes"	"Bacteroidia"	"Bacteroidales"	"Muribaculaceae"	NA	NA	141	89	59
"Bacteria"	"Firmicutes"	"Clostridia"	"Clostridiales"	"Lachnospiraceae"	"Roseburia"	NA	274	0	0
"Bacteria"	"Bacteroidetes"	"Bacteroidia"	"Bacteroidales"	"Muribaculaceae"	NA	NA	67	98	109
"Bacteria"	"Firmicutes"	"Clostridia"	"Clostridiales"	"Lachnospiraceae"	"Lachnospiraceae_NK4A136_group"	NA	273	0	0
"Bacteria"	"Firmicutes"	"Clostridia"	"Clostridiales"	"Peptostreptococcaceae"	"Clostridioides"	"difficile"	0	0	272
"Bacteria"	"Firmicutes"	"Clostridia"	"Clostridiales"	"Lachnospiraceae"	"Lachnoclostridium"	NA	0	0	265
"Bacteria"	"Bacteroidetes"	"Bacteroidia"	"Bacteroidales"	"Tannerellaceae"	"Parabacteroides"	"goldsteinii"	13	0	251
"Bacteria"	"Bacteroidetes"	"Bacteroidia"	"Bacteroidales"	"Rikenellaceae"	"Alistipes"	NA	0	263	0
"Bacteria"	"Proteobacteria"	"Deltaproteobacteria"	"Desulfovibrionales"	"Desulfovibrionaceae"	NA	NA	44	8	202
"Bacteria"	"Firmicutes"	"Clostridia"	"Clostridiales"	"Ruminococcaceae"	"Ruminiclostridium_9"	NA	0	27	221
"Bacteria"	"Firmicutes"	"Clostridia"	"Clostridiales"	"Ruminococcaceae"	"Ruminiclostridium_9"	NA	146	0	101
"Bacteria"	"Firmicutes"	"Clostridia"	"Clostridiales"	"Lachnospiraceae"	NA	NA	0	0	244
"Bacteria"	"Firmicutes"	"Clostridia"	"Clostridiales"	"Lachnospiraceae"	NA	NA	153	8	82
"Bacteria"	"Firmicutes"	"Clostridia"	"Clostridiales"	"Lachnospiraceae"	"Lachnospiraceae_UCG-004"	NA	19	7	216
"Bacteria"	"Firmicutes"	"Clostridia"	"Clostridiales"	"Lachnospiraceae"	"A2"	NA	241	0	0
"Bacteria"	"Firmicutes"	"Clostridia"	"Clostridiales"	"Lachnospiraceae"	"Roseburia"	NA	0	79	162
"Bacteria"	"Bacteroidetes"	"Bacteroidia"	"Bacteroidales"	"Muribaculaceae"	NA	NA	155	0	81
"Bacteria"	"Firmicutes"	"Clostridia"	"Clostridiales"	"Lachnospiraceae"	"Roseburia"	NA	234	0	0
"Bacteria"	"Actinobacteria"	"Coriobacteriia"	"Coriobacteriales"	"Atopobiaceae"	"Olsenella"	NA	23	8	200
"Bacteria"	"Firmicutes"	"Clostridia"	"Clostridiales"	"Lachnospiraceae"	"Roseburia"	NA	21	207	0
"Bacteria"	"Firmicutes"	"Clostridia"	"Clostridiales"	"Lachnospiraceae"	"Lachnospiraceae_NK4A136_group"	NA	41	186	0
"Bacteria"	"Firmicutes"	"Erysipelotrichia"	"Erysipelotrichales"	"Erysipelotrichaceae"	NA	NA	0	0	225
"Bacteria"	"Firmicutes"	"Clostridia"	"Clostridiales"	"Lachnospiraceae"	"Lachnoclostridium"	NA	176	48	0
"Bacteria"	"Bacteroidetes"	"Bacteroidia"	"Bacteroidales"	"Bacteroidaceae"	"Bacteroides"	"uniformis"	0	0	223
"Bacteria"	"Bacteroidetes"	"Bacteroidia"	"Bacteroidales"	"Muribaculaceae"	NA	NA	6	25	184
"Bacteria"	"Deferribacteres"	"Deferribacteres"	"Deferribacterales"	"Deferribacteraceae"	"Mucispirillum"	NA	207	0	0
"Bacteria"	"Firmicutes"	"Clostridia"	"Clostridiales"	"Lachnospiraceae"	"Lachnoclostridium_5"	NA	0	0	205
"Bacteria"	"Firmicutes"	"Clostridia"	"Clostridiales"	"Clostridiales_vadinBB60_group"	NA	NA	163	0	34
"Bacteria"	"Proteobacteria"	"Deltaproteobacteria"	"Desulfovibrionales"	"Desulfovibrionaceae"	"Desulfovibrio"	NA	0	0	190
"Bacteria"	"Firmicutes"	"Clostridia"	"Clostridiales"	"Ruminococcaceae"	"Oscillibacter"	NA	188	0	0
"Bacteria"	"Bacteroidetes"	"Bacteroidia"	"Bacteroidales"	"Muribaculaceae"	NA	NA	48	0	134
"Bacteria"	"Bacteroidetes"	"Bacteroidia"	"Bacteroidales"	"Muribaculaceae"	NA	NA	60	118	0
"Bacteria"	"Bacteroidetes"	"Bacteroidia"	"Bacteroidales"	"Muribaculaceae"	NA	NA	123	51	0
"Bacteria"	"Firmicutes"	"Clostridia"	"Clostridiales"	"Ruminococcaceae"	"Butyricicoccus"	NA	9	7	157
"Bacteria"	"Firmicutes"	"Clostridia"	"Clostridiales"	"Lachnospiraceae"	NA	NA	0	0	171
"Bacteria"	"Firmicutes"	"Clostridia"	"Clostridiales"	"Ruminococcaceae"	"Anaerotruncus"	NA	6	4	152
"Bacteria"	"Firmicutes"	"Clostridia"	"Clostridiales"	"Lachnospiraceae"	NA	NA	0	24	129
"Bacteria"	"Firmicutes"	"Clostridia"	"Clostridiales"	"Lachnospiraceae"	"Lachnoclostridium"	NA	53	0	98
"Bacteria"	"Bacteroidetes"	"Bacteroidia"	"Bacteroidales"	"Rikenellaceae"	"Rikenellaceae_RC9_gut_group"	NA	68	80	0
"Bacteria"	"Bacteroidetes"	"Bacteroidia"	"Bacteroidales"	"Muribaculaceae"	NA	NA	35	55	56
"Bacteria"	"Actinobacteria"	"Coriobacteriia"	"Coriobacteriales"	"Eggerthellaceae"	"DNF00809"	NA	0	100	43
"Bacteria"	"Firmicutes"	"Clostridia"	"Clostridiales"	"Ruminococcaceae"	"Ruminiclostridium"	NA	65	0	73
"Bacteria"	"Firmicutes"	"Clostridia"	"Clostridiales"	"Ruminococcaceae"	"Ruminiclostridium_9"	NA	47	10	76
"Bacteria"	"Proteobacteria"	"Deltaproteobacteria"	"Desulfovibrionales"	"Desulfovibrionaceae"	"Desulfovibrio"	NA	32	0	98
"Bacteria"	"Firmicutes"	"Clostridia"	"Clostridiales"	"Lachnospiraceae"	"Lachnospiraceae_NK4A136_group"	NA	123	0	0
"Bacteria"	"Bacteroidetes"	"Bacteroidia"	"Bacteroidales"	"Tannerellaceae"	"Parabacteroides"	NA	79	43	0
"Bacteria"	"Firmicutes"	"Clostridia"	"Clostridiales"	"Ruminococcaceae"	"Intestinimonas"	NA	113	7	0
"Bacteria"	"Firmicutes"	"Clostridia"	"Clostridiales"	"Ruminococcaceae"	NA	NA	118	0	0
"Bacteria"	"Firmicutes"	"Clostridia"	"Clostridiales"	"Lachnospiraceae"	NA	NA	77	40	0
"Bacteria"	"Bacteroidetes"	"Bacteroidia"	"Bacteroidales"	"Rikenellaceae"	"Rikenellaceae_RC9_gut_group"	NA	70	25	22
"Bacteria"	"Firmicutes"	"Clostridia"	"Clostridiales"	"Lachnospiraceae"	NA	NA	97	17	0
"Bacteria"	"Bacteroidetes"	"Bacteroidia"	"Bacteroidales"	"Rikenellaceae"	"Rikenella"	NA	73	41	0
"Bacteria"	"Firmicutes"	"Clostridia"	"Clostridiales"	"Lachnospiraceae"	NA	NA	0	0	113
"Bacteria"	"Bacteroidetes"	"Bacteroidia"	"Bacteroidales"	"Bacteroidaceae"	"Bacteroides"	NA	111	0	0
"Bacteria"	"Firmicutes"	"Clostridia"	"Clostridiales"	"Ruminococcaceae"	"Butyricicoccus"	NA	109	0	0
"Bacteria"	"Firmicutes"	"Clostridia"	"Clostridiales"	"Lachnospiraceae"	"Acetatifactor"	NA	88	14	0
"Bacteria"	"Bacteroidetes"	"Bacteroidia"	"Bacteroidales"	"Muribaculaceae"	NA	NA	78	24	0
"Bacteria"	"Firmicutes"	"Clostridia"	"Clostridiales"	"Ruminococcaceae"	NA	NA	15	0	87
"Bacteria"	"Firmicutes"	"Clostridia"	"Clostridiales"	"Ruminococcaceae"	NA	NA	0	68	34
"Bacteria"	"Bacteroidetes"	"Bacteroidia"	"Bacteroidales"	"Muribaculaceae"	NA	NA	0	59	42
"Bacteria"	"Bacteroidetes"	"Bacteroidia"	"Bacteroidales"	"Muribaculaceae"	NA	NA	67	31	0
"Bacteria"	"Firmicutes"	"Clostridia"	"Clostridiales"	"Ruminococcaceae"	"Oscillibacter"	NA	17	0	81
"Bacteria"	"Firmicutes"	"Clostridia"	"Clostridiales"	"Lachnospiraceae"	"Lachnospiraceae_UCG-006"	NA	0	0	98
"Bacteria"	"Firmicutes"	"Clostridia"	"Clostridiales"	"Lachnospiraceae"	NA	NA	0	0	98
"Bacteria"	"Firmicutes"	"Clostridia"	"Clostridiales"	"Ruminococcaceae"	"Ruminococcaceae_UCG-009"	NA	96	0	0
"Bacteria"	"Firmicutes"	"Clostridia"	"Clostridiales"	"Ruminococcaceae"	"Ruminiclostridium_9"	NA	96	0	0
"Bacteria"	"Firmicutes"	"Clostridia"	"Clostridiales"	"Ruminococcaceae"	"Ruminococcaceae_UCG-014"	NA	66	30	0
"Bacteria"	"Proteobacteria"	"Deltaproteobacteria"	"Desulfovibrionales"	"Desulfovibrionaceae"	"Bilophila"	NA	23	0	73
"Bacteria"	"Bacteroidetes"	"Bacteroidia"	"Bacteroidales"	"Rikenellaceae"	"Rikenellaceae_RC9_gut_group"	NA	0	96	0
"Bacteria"	"Firmicutes"	"Bacilli"	"Lactobacillales"	"Streptococcaceae"	"Streptococcus"	"danieliae"	9	13	73
"Bacteria"	"Firmicutes"	"Erysipelotrichia"	"Erysipelotrichales"	"Erysipelotrichaceae"	NA	NA	75	18	0
"Bacteria"	"Firmicutes"	"Clostridia"	"Clostridiales"	"Ruminococcaceae"	"Flavonifractor"	NA	0	0	93
"Bacteria"	"Firmicutes"	"Clostridia"	"Clostridiales"	"Lachnospiraceae"	"Lachnospiraceae_NK4A136_group"	NA	56	36	0
"Bacteria"	"Bacteroidetes"	"Bacteroidia"	"Bacteroidales"	"Muribaculaceae"	NA	NA	34	34	23
"Bacteria"	"Bacteroidetes"	"Bacteroidia"	"Bacteroidales"	"Muribaculaceae"	NA	NA	50	40	0
"Bacteria"	"Firmicutes"	"Clostridia"	"Clostridiales"	"Lachnospiraceae"	"Lachnospiraceae_NK4A136_group"	NA	89	0	0
"Bacteria"	"Firmicutes"	"Erysipelotrichia"	"Erysipelotrichales"	"Erysipelotrichaceae"	NA	NA	0	0	88
"Bacteria"	"Firmicutes"	"Clostridia"	"Clostridiales"	"Ruminococcaceae"	"Oscillibacter"	NA	87	0	0
"Bacteria"	"Firmicutes"	"Clostridia"	"Clostridiales"	"Lachnospiraceae"	"Lachnoclostridium"	NA	87	0	0
"Bacteria"	"Firmicutes"	"Clostridia"	"Clostridiales"	"Ruminococcaceae"	"Intestinimonas"	NA	0	0	87
"Bacteria"	"Bacteroidetes"	"Bacteroidia"	"Bacteroidales"	"Muribaculaceae"	"Muribaculum"	"intestinale"	67	0	19
"Bacteria"	"Firmicutes"	"Clostridia"	"Clostridiales"	"Lachnospiraceae"	"Lachnospiraceae_UCG-001"	NA	0	0	86
"Bacteria"	"Patescibacteria"	"Saccharimonadia"	"Saccharimonadales"	"Saccharimonadaceae"	"Candidatus_Saccharimonas"	NA	85	0	0
"Bacteria"	"Firmicutes"	"Clostridia"	"Clostridiales"	"Ruminococcaceae"	"Anaerotruncus"	NA	0	0	85
"Bacteria"	"Firmicutes"	"Clostridia"	"Clostridiales"	"Lachnospiraceae"	NA	NA	69	14	0
"Bacteria"	"Firmicutes"	"Clostridia"	"Clostridiales"	"Lachnospiraceae"	"Lachnospiraceae_NK4A136_group"	NA	82	0	0
"Bacteria"	"Bacteroidetes"	"Bacteroidia"	"Bacteroidales"	"Muribaculaceae"	NA	NA	45	37	0
"Bacteria"	"Firmicutes"	"Clostridia"	"Clostridiales"	"Ruminococcaceae"	NA	NA	80	0	0
"Bacteria"	"Firmicutes"	"Clostridia"	"Clostridiales"	"Lachnospiraceae"	NA	NA	0	0	80
"Bacteria"	"Firmicutes"	"Clostridia"	"Clostridiales"	"Ruminococcaceae"	"Ruminiclostridium_5"	NA	18	0	58
"Bacteria"	"Firmicutes"	"Clostridia"	"Clostridiales"	"Lachnospiraceae"	"Shuttleworthia"	NA	40	35	0
"Bacteria"	"Firmicutes"	"Clostridia"	"Clostridiales"	"Lachnospiraceae"	"Lachnospiraceae_FCS020_group"	NA	25	0	49
"Bacteria"	"Firmicutes"	"Clostridia"	"Clostridiales"	"Lachnospiraceae"	"Lachnospiraceae_NK4A136_group"	NA	73	0	0
"Bacteria"	"Firmicutes"	"Clostridia"	"Clostridiales"	"Family_XIII"	"Family_XIII_UCG-001"	NA	49	0	23
"Bacteria"	"Firmicutes"	"Clostridia"	"Clostridiales"	"Lachnospiraceae"	"Lachnospiraceae_NK4A136_group"	NA	68	0	0
"Bacteria"	"Bacteroidetes"	"Bacteroidia"	"Bacteroidales"	"Muribaculaceae"	NA	NA	0	0	68
"Bacteria"	"Firmicutes"	"Clostridia"	"Clostridiales"	"Ruminococcaceae"	"Oscillibacter"	NA	0	0	67
"Bacteria"	"Firmicutes"	"Clostridia"	"Clostridiales"	"Ruminococcaceae"	"Ruminiclostridium_5"	NA	66	0	0
"Bacteria"	"Patescibacteria"	"Saccharimonadia"	"Saccharimonadales"	"Saccharimonadaceae"	"Candidatus_Saccharimonas"	NA	0	66	0
"Bacteria"	"Proteobacteria"	"Deltaproteobacteria"	"Desulfovibrionales"	"Desulfovibrionaceae"	"Desulfovibrio"	NA	0	0	65
"Bacteria"	"Firmicutes"	"Clostridia"	"Clostridiales"	"Lachnospiraceae"	"Lachnospiraceae_UCG-006"	NA	39	25	0
"Bacteria"	"Firmicutes"	"Clostridia"	"Clostridiales"	"Lachnospiraceae"	"Roseburia"	NA	0	0	64
"Bacteria"	"Firmicutes"	"Erysipelotrichia"	"Erysipelotrichales"	"Erysipelotrichaceae"	"Dubosiella"	NA	0	0	64
"Bacteria"	"Firmicutes"	"Clostridia"	"Clostridiales"	"Ruminococcaceae"	"Anaerotruncus"	"colihominis"	0	0	62
"Bacteria"	"Firmicutes"	"Clostridia"	"Clostridiales"	NA	NA	NA	61	0	0
"Bacteria"	"Firmicutes"	"Clostridia"	"Clostridiales"	"Ruminococcaceae"	NA	NA	31	0	30
"Bacteria"	"Bacteroidetes"	"Bacteroidia"	"Bacteroidales"	"Prevotellaceae"	"Paraprevotella"	NA	58	0	0
"Bacteria"	"Actinobacteria"	"Coriobacteriia"	"Coriobacteriales"	"Eggerthellaceae"	"DNF00809"	NA	19	17	21
"Bacteria"	"Bacteroidetes"	"Bacteroidia"	"Bacteroidales"	"Rikenellaceae"	"Rikenellaceae_RC9_gut_group"	NA	0	57	0
"Bacteria"	"Firmicutes"	"Clostridia"	"Clostridiales"	"Clostridiales_vadinBB60_group"	NA	NA	0	55	0
"Bacteria"	"Firmicutes"	"Erysipelotrichia"	"Erysipelotrichales"	"Erysipelotrichaceae"	"Dubosiella"	NA	0	0	55
"Bacteria"	"Firmicutes"	"Clostridia"	"Clostridiales"	"Lachnospiraceae"	NA	NA	35	8	11
"Bacteria"	"Firmicutes"	"Clostridia"	"Clostridiales"	"Lachnospiraceae"	"Roseburia"	NA	27	26	0
"Bacteria"	"Firmicutes"	"Clostridia"	"Clostridiales"	"Lachnospiraceae"	"Acetatifactor"	NA	52	0	0
"Bacteria"	"Firmicutes"	"Clostridia"	"Clostridiales"	"Ruminococcaceae"	NA	NA	44	8	0
"Bacteria"	"Firmicutes"	"Clostridia"	"Clostridiales"	"Lachnospiraceae"	NA	NA	12	0	40
"Bacteria"	"Bacteroidetes"	"Bacteroidia"	"Bacteroidales"	"Bacteroidaceae"	"Bacteroides"	NA	0	0	51
"Bacteria"	"Firmicutes"	"Clostridia"	"Clostridiales"	"Lachnospiraceae"	NA	NA	0	0	50
"Bacteria"	"Firmicutes"	"Clostridia"	"Clostridiales"	"Ruminococcaceae"	"Ruminiclostridium_5"	NA	49	0	0
"Bacteria"	"Proteobacteria"	"Deltaproteobacteria"	"Desulfovibrionales"	"Desulfovibrionaceae"	"Desulfovibrio"	NA	21	0	28
"Bacteria"	"Firmicutes"	"Clostridia"	"Clostridiales"	"Ruminococcaceae"	"Oscillibacter"	NA	42	6	0
"Bacteria"	"Proteobacteria"	"Alphaproteobacteria"	"Rickettsiales"	"Mitochondria"	NA	NA	0	40	8
"Bacteria"	"Firmicutes"	"Clostridia"	"Clostridiales"	"Lachnospiraceae"	"Lachnoclostridium"	NA	47	0	0
"Bacteria"	"Bacteroidetes"	"Bacteroidia"	"Bacteroidales"	"Muribaculaceae"	NA	NA	46	0	0
"Bacteria"	"Bacteroidetes"	"Bacteroidia"	"Bacteroidales"	"Muribaculaceae"	NA	NA	45	0	0
"Bacteria"	"Bacteroidetes"	"Bacteroidia"	"Bacteroidales"	"Muribaculaceae"	NA	NA	0	45	0
"Bacteria"	"Firmicutes"	"Clostridia"	"Clostridiales"	"Ruminococcaceae"	"GCA-900066225"	NA	0	0	44
"Bacteria"	"Firmicutes"	"Clostridia"	"Clostridiales"	"Lachnospiraceae"	NA	NA	43	0	0
"Bacteria"	"Bacteroidetes"	"Bacteroidia"	"Bacteroidales"	"Muribaculaceae"	NA	NA	30	13	0
"Bacteria"	"Bacteroidetes"	"Bacteroidia"	"Bacteroidales"	"Muribaculaceae"	NA	NA	33	9	0
"Bacteria"	"Firmicutes"	"Clostridia"	"Clostridiales"	"Lachnospiraceae"	"Marvinbryantia"	NA	18	24	0
"Bacteria"	"Bacteroidetes"	"Bacteroidia"	"Bacteroidales"	"Muribaculaceae"	NA	NA	14	5	23
"Bacteria"	"Firmicutes"	"Clostridia"	"Clostridiales"	"Lachnospiraceae"	NA	NA	41	0	0
"Bacteria"	"Firmicutes"	"Clostridia"	"Clostridiales"	"Ruminococcaceae"	NA	NA	31	10	0
"Bacteria"	"Bacteroidetes"	"Bacteroidia"	"Bacteroidales"	"Rikenellaceae"	"Alistipes"	NA	39	0	0
"Bacteria"	"Firmicutes"	"Clostridia"	"Clostridiales"	"Lachnospiraceae"	"Lachnospiraceae_UCG-006"	NA	38	0	0
"Bacteria"	"Firmicutes"	"Clostridia"	"Clostridiales"	"Lachnospiraceae"	NA	NA	38	0	0
"Bacteria"	NA	NA	NA	NA	NA	NA	12	0	26
"Bacteria"	"Firmicutes"	"Clostridia"	"Clostridiales"	"Lachnospiraceae"	"Lachnospiraceae_NK4A136_group"	NA	37	0	0
"Bacteria"	"Firmicutes"	"Clostridia"	"Clostridiales"	"Ruminococcaceae"	"Ruminiclostridium"	NA	37	0	0
"Bacteria"	"Firmicutes"	"Clostridia"	"Clostridiales"	"Lachnospiraceae"	NA	NA	14	11	11
"Bacteria"	"Bacteroidetes"	"Bacteroidia"	"Bacteroidales"	"Muribaculaceae"	NA	NA	0	35	0
"Bacteria"	"Firmicutes"	"Clostridia"	"Clostridiales"	"Peptostreptococcaceae"	"Clostridioides"	NA	0	0	35
"Bacteria"	"Patescibacteria"	"Saccharimonadia"	"Saccharimonadales"	"Saccharimonadaceae"	"Candidatus_Saccharimonas"	NA	34	0	0
"Bacteria"	"Firmicutes"	"Clostridia"	"Clostridiales"	"Lachnospiraceae"	"GCA-900066575"	NA	33	0	0
"Bacteria"	"Bacteroidetes"	"Bacteroidia"	"Bacteroidales"	"Muribaculaceae"	NA	NA	28	5	0
"Bacteria"	"Firmicutes"	"Erysipelotrichia"	"Erysipelotrichales"	"Erysipelotrichaceae"	"Erysipelatoclostridium"	NA	15	18	0
"Bacteria"	"Firmicutes"	"Clostridia"	"Clostridiales"	"Lachnospiraceae"	"Tyzzerella"	NA	32	0	0
"Bacteria"	"Bacteroidetes"	"Bacteroidia"	"Bacteroidales"	"Muribaculaceae"	NA	NA	0	16	16
"Bacteria"	"Firmicutes"	"Clostridia"	"Clostridiales"	"Lachnospiraceae"	NA	NA	20	11	0
"Bacteria"	"Firmicutes"	"Clostridia"	"Clostridiales"	"Ruminococcaceae"	"Oscillibacter"	NA	30	0	0
"Bacteria"	"Firmicutes"	"Clostridia"	"Clostridiales"	"Ruminococcaceae"	"Ruminococcaceae_UCG-014"	NA	22	8	0
"Bacteria"	"Firmicutes"	"Clostridia"	"Clostridiales"	"Lachnospiraceae"	"Lachnospiraceae_UCG-001"	NA	0	0	30
"Bacteria"	"Firmicutes"	"Erysipelotrichia"	"Erysipelotrichales"	"Erysipelotrichaceae"	"Faecalibaculum"	NA	0	0	29
"Bacteria"	"Firmicutes"	"Clostridia"	"Clostridiales"	"Ruminococcaceae"	"Ruminococcaceae_UCG-003"	NA	27	0	0
"Bacteria"	"Firmicutes"	"Clostridia"	"Clostridiales"	"Lachnospiraceae"	"Lachnospiraceae_NK4A136_group"	NA	27	0	0
"Bacteria"	"Firmicutes"	"Clostridia"	"Clostridiales"	"Lachnospiraceae"	"GCA-900066575"	NA	27	0	0
"Bacteria"	"Firmicutes"	"Clostridia"	"Clostridiales"	"Lachnospiraceae"	NA	NA	0	27	0
"Bacteria"	"Firmicutes"	"Clostridia"	"Clostridiales"	"Ruminococcaceae"	"Harryflintia"	NA	26	0	0
"Bacteria"	"Firmicutes"	"Erysipelotrichia"	"Erysipelotrichales"	"Erysipelotrichaceae"	NA	NA	25	0	0
"Bacteria"	"Firmicutes"	"Clostridia"	"Clostridiales"	"Lachnospiraceae"	NA	NA	25	0	0
"Bacteria"	"Proteobacteria"	"Gammaproteobacteria"	"Pasteurellales"	"Pasteurellaceae"	"Rodentibacter"	NA	0	0	25
"Bacteria"	"Bacteroidetes"	"Bacteroidia"	"Bacteroidales"	"Muribaculaceae"	NA	NA	24	0	0
"Bacteria"	"Actinobacteria"	"Coriobacteriia"	"Coriobacteriales"	"Eggerthellaceae"	"Enterorhabdus"	"muris"	11	12	0
"Bacteria"	"Actinobacteria"	"Coriobacteriia"	"Coriobacteriales"	"Eggerthellaceae"	NA	NA	0	23	0
"Bacteria"	"Firmicutes"	"Clostridia"	"Clostridiales"	"Lachnospiraceae"	NA	NA	22	0	0
"Bacteria"	"Firmicutes"	"Clostridia"	"Clostridiales"	"Clostridiales_vadinBB60_group"	NA	NA	21	0	0
"Bacteria"	"Firmicutes"	"Clostridia"	"Clostridiales"	"Lachnospiraceae"	NA	NA	21	0	0
"Bacteria"	"Firmicutes"	"Clostridia"	"Clostridiales"	"Lachnospiraceae"	"Lachnoclostridium"	NA	6	7	8
"Bacteria"	"Firmicutes"	"Clostridia"	"Clostridiales"	"Lachnospiraceae"	"Lachnospiraceae_NK4A136_group"	NA	0	21	0
"Bacteria"	"Firmicutes"	"Clostridia"	"Clostridiales"	"Lachnospiraceae"	"GCA-900066575"	NA	20	0	0
"Bacteria"	"Firmicutes"	"Clostridia"	"Clostridiales"	"Lachnospiraceae"	"Lachnoclostridium"	NA	20	0	0
"Bacteria"	"Firmicutes"	"Clostridia"	"Clostridiales"	"Lachnospiraceae"	NA	NA	20	0	0
"Bacteria"	"Bacteroidetes"	"Bacteroidia"	"Bacteroidales"	"Muribaculaceae"	NA	NA	20	0	0
"Bacteria"	"Firmicutes"	"Clostridia"	"Clostridiales"	"Ruminococcaceae"	"Ruminiclostridium_9"	NA	20	0	0
"Bacteria"	"Firmicutes"	"Clostridia"	"Clostridiales"	"Lachnospiraceae"	NA	NA	0	20	0
"Bacteria"	"Firmicutes"	"Clostridia"	"Clostridiales"	"Lachnospiraceae"	NA	NA	19	0	0
"Bacteria"	"Firmicutes"	"Clostridia"	"Clostridiales"	"Lachnospiraceae"	NA	NA	19	0	0
"Bacteria"	"Bacteroidetes"	"Bacteroidia"	"Bacteroidales"	"Rikenellaceae"	"Alistipes"	NA	18	0	0
"Bacteria"	"Firmicutes"	"Clostridia"	"Clostridiales"	"Ruminococcaceae"	NA	NA	18	0	0
"Bacteria"	"Firmicutes"	"Clostridia"	"Clostridiales"	"Ruminococcaceae"	"Ruminiclostridium_5"	NA	18	0	0
"Bacteria"	"Bacteroidetes"	"Bacteroidia"	"Bacteroidales"	"Muribaculaceae"	NA	NA	18	0	0
"Bacteria"	"Firmicutes"	"Clostridia"	"Clostridiales"	"Lachnospiraceae"	NA	NA	0	18	0
"Bacteria"	"Firmicutes"	"Clostridia"	"Clostridiales"	"Lachnospiraceae"	NA	NA	17	0	0
"Bacteria"	"Firmicutes"	"Clostridia"	"Clostridiales"	"Lachnospiraceae"	NA	NA	17	0	0
"Bacteria"	"Firmicutes"	"Clostridia"	"Clostridiales"	"Clostridiales_vadinBB60_group"	NA	NA	0	17	0
"Bacteria"	"Firmicutes"	"Clostridia"	"Clostridiales"	"Ruminococcaceae"	NA	NA	16	0	0
"Bacteria"	"Firmicutes"	"Clostridia"	"Clostridiales"	"Lachnospiraceae"	NA	NA	16	0	0
"Bacteria"	"Actinobacteria"	"Coriobacteriia"	"Coriobacteriales"	"Eggerthellaceae"	NA	NA	7	9	0
"Bacteria"	"Firmicutes"	"Clostridia"	"Clostridiales"	"Lachnospiraceae"	NA	NA	0	16	0
"Bacteria"	"Firmicutes"	"Bacilli"	"Lactobacillales"	"Streptococcaceae"	"Streptococcus"	NA	0	0	15
"Bacteria"	"Firmicutes"	"Clostridia"	"Clostridiales"	"Lachnospiraceae"	"GCA-900066575"	NA	14	0	0
"Bacteria"	"Firmicutes"	"Clostridia"	"Clostridiales"	"Ruminococcaceae"	"Oscillibacter"	NA	14	0	0
"Bacteria"	"Actinobacteria"	"Coriobacteriia"	"Coriobacteriales"	"Eggerthellaceae"	"Enterorhabdus"	NA	7	7	0
"Bacteria"	"Firmicutes"	"Clostridia"	"Clostridiales"	"Clostridiales_vadinBB60_group"	NA	NA	7	7	0
"Bacteria"	"Bacteroidetes"	"Bacteroidia"	"Bacteroidales"	"Muribaculaceae"	NA	NA	0	0	14
"Bacteria"	"Actinobacteria"	"Coriobacteriia"	"Coriobacteriales"	"Eggerthellaceae"	"DNF00809"	NA	13	0	0
"Bacteria"	"Firmicutes"	"Clostridia"	"Clostridiales"	"Ruminococcaceae"	"Butyricicoccus"	NA	13	0	0
"Bacteria"	"Firmicutes"	"Clostridia"	"Clostridiales"	"Ruminococcaceae"	"Intestinimonas"	NA	13	0	0
"Bacteria"	"Firmicutes"	"Clostridia"	"Clostridiales"	"Lachnospiraceae"	"Roseburia"	NA	0	13	0
"Bacteria"	"Actinobacteria"	"Coriobacteriia"	"Coriobacteriales"	"Eggerthellaceae"	"Enterorhabdus"	NA	0	0	13
"Bacteria"	"Proteobacteria"	"Gammaproteobacteria"	"Betaproteobacteriales"	"Burkholderiaceae"	"Parasutterella"	NA	0	0	13
"Bacteria"	"Firmicutes"	"Clostridia"	"Clostridiales"	"Lachnospiraceae"	"Lachnospiraceae_NK4A136_group"	NA	12	0	0
"Bacteria"	"Firmicutes"	"Clostridia"	"Clostridiales"	"Lachnospiraceae"	NA	NA	12	0	0
"Bacteria"	"Firmicutes"	"Clostridia"	"Clostridiales"	NA	NA	NA	12	0	0
"Bacteria"	"Firmicutes"	"Clostridia"	"Clostridiales"	"Lachnospiraceae"	"Lachnospiraceae_NK4A136_group"	NA	3	9	0
"Bacteria"	"Firmicutes"	"Clostridia"	"Clostridiales"	"Lachnospiraceae"	"Lachnospiraceae_NK4A136_group"	"bacterium"	11	0	0
"Bacteria"	"Firmicutes"	"Clostridia"	"Clostridiales"	"Lachnospiraceae"	"Lachnospiraceae_UCG-010"	NA	11	0	0
"Bacteria"	"Firmicutes"	"Clostridia"	"Clostridiales"	"Lachnospiraceae"	NA	NA	0	0	11
"Bacteria"	"Cyanobacteria"	"Oxyphotobacteria"	"Chloroplast"	NA	NA	NA	0	10	0
"Bacteria"	"Firmicutes"	"Clostridia"	"Clostridiales"	"Ruminococcaceae"	"Intestinimonas"	NA	0	10	0
"Bacteria"	"Firmicutes"	"Clostridia"	"Clostridiales"	"Ruminococcaceae"	NA	NA	0	0	10
"Bacteria"	"Firmicutes"	"Clostridia"	"Clostridiales"	"Ruminococcaceae"	"Phocea"	NA	9	0	0
"Bacteria"	"Firmicutes"	"Clostridia"	"Clostridiales"	"Lachnospiraceae"	NA	NA	9	0	0
"Bacteria"	"Firmicutes"	"Clostridia"	"Clostridiales"	"Ruminococcaceae"	"Ruminiclostridium"	NA	9	0	0
"Bacteria"	"Firmicutes"	"Bacilli"	"Bacillales"	"Staphylococcaceae"	"Staphylococcus"	NA	8	0	0
"Bacteria"	"Firmicutes"	"Clostridia"	"Clostridiales"	"Ruminococcaceae"	"Ruminiclostridium_9"	NA	8	0	0
"Bacteria"	"Firmicutes"	"Clostridia"	"Clostridiales"	"Lachnospiraceae"	"Lachnospiraceae_UCG-006"	NA	0	8	0
"Bacteria"	"Firmicutes"	"Clostridia"	"Clostridiales"	"Clostridiales_vadinBB60_group"	NA	NA	0	8	0
"Bacteria"	"Firmicutes"	"Bacilli"	"Bacillales"	"Family_XI"	"Gemella"	NA	0	0	8
"Bacteria"	"Firmicutes"	"Clostridia"	"Clostridiales"	"Lachnospiraceae"	NA	NA	7	0	0
"Bacteria"	"Firmicutes"	"Clostridia"	"Clostridiales"	"Ruminococcaceae"	NA	NA	7	0	0
"Bacteria"	"Actinobacteria"	"Coriobacteriia"	"Coriobacteriales"	"Eggerthellaceae"	"DNF00809"	NA	0	7	0
"Bacteria"	"Firmicutes"	"Clostridia"	"Clostridiales"	"Lachnospiraceae"	NA	NA	0	7	0
"Bacteria"	"Firmicutes"	"Clostridia"	"Clostridiales"	"Ruminococcaceae"	"Oscillibacter"	NA	0	0	7
"Bacteria"	"Firmicutes"	"Clostridia"	"Clostridiales"	"Lachnospiraceae"	"GCA-900066575"	NA	6	0	0
"Bacteria"	"Firmicutes"	"Clostridia"	"Clostridiales"	"Lachnospiraceae"	"GCA-900066575"	NA	6	0	0
"Bacteria"	"Firmicutes"	"Clostridia"	"Clostridiales"	"Family_XIII"	NA	NA	0	6	0
"Bacteria"	"Firmicutes"	"Clostridia"	"Clostridiales"	"Lachnospiraceae"	NA	NA	5	0	0
"Bacteria"	"Firmicutes"	"Clostridia"	"Clostridiales"	"Clostridiales_vadinBB60_group"	NA	NA	5	0	0
"Bacteria"	"Firmicutes"	"Clostridia"	"Clostridiales"	"Lachnospiraceae"	NA	NA	5	0	0
"Bacteria"	"Firmicutes"	"Clostridia"	"Clostridiales"	"Ruminococcaceae"	"Anaerotruncus"	NA	5	0	0
"Bacteria"	"Firmicutes"	"Clostridia"	"Clostridiales"	"Ruminococcaceae"	NA	NA	0	5	0
"Bacteria"	"Actinobacteria"	"Coriobacteriia"	"Coriobacteriales"	"Eggerthellaceae"	NA	NA	0	5	0
"Bacteria"	"Bacteroidetes"	"Bacteroidia"	"Bacteroidales"	"Prevotellaceae"	NA	NA	0	5	0
"Bacteria"	"Firmicutes"	"Clostridia"	"Clostridiales"	"Ruminococcaceae"	"Ruminiclostridium"	NA	4	0	0
"Bacteria"	"Firmicutes"	"Clostridia"	"Clostridiales"	"Lachnospiraceae"	"Acetatifactor"	NA	4	0	0
"Bacteria"	"Tenericutes"	"Mollicutes"	"Mollicutes_RF39"	NA	NA	NA	4	0	0
"Bacteria"	"Firmicutes"	"Clostridia"	"Clostridiales"	"Ruminococcaceae"	"Ruminiclostridium"	NA	4	0	0
"Bacteria"	"Firmicutes"	"Clostridia"	"Clostridiales"	"Ruminococcaceae"	NA	NA	4	0	0
"Bacteria"	"Firmicutes"	"Clostridia"	"Clostridiales"	"Ruminococcaceae"	"Ruminococcaceae_UCG-009"	NA	0	4	0
"Bacteria"	"Firmicutes"	"Clostridia"	"Clostridiales"	"Lachnospiraceae"	"Lachnospiraceae_NK4A136_group"	NA	0	4	0
"Bacteria"	"Firmicutes"	"Clostridia"	"Clostridiales"	"Ruminococcaceae"	NA	NA	0	0	4
"Bacteria"	"Firmicutes"	"Clostridia"	"Clostridiales"	"Lachnospiraceae"	"Eisenbergiella"	NA	3	0	0
"Bacteria"	"Firmicutes"	"Clostridia"	"Clostridiales"	"Lachnospiraceae"	NA	NA	0	3	0
"Bacteria"	"Bacteroidetes"	"Bacteroidia"	"Bacteroidales"	"Muribaculaceae"	NA	NA	2	0	0
"Bacteria"	"Bacteroidetes"	"Bacteroidia"	"Bacteroidales"	"Muribaculaceae"	NA	NA	2	0	0
"Bacteria"	"Firmicutes"	"Clostridia"	"Clostridiales"	"Ruminococcaceae"	"Ruminiclostridium_9"	NA	0	0	2
"Bacteria"	"Firmicutes"	"Clostridia"	"Clostridiales"	"Lachnospiraceae"	NA	NA	0	1	0
"Bacteria"	"Firmicutes"	"Clostridia"	"Clostridiales"	"Lachnospiraceae"	NA	NA	0	1	0
"Bacteria"	"Firmicutes"	"Clostridia"	"Clostridiales"	"Lachnospiraceae"	NA	NA	0	1	0
